{
  "total_channels": 1747,
  "groups": {
    "Федеральные плюс": 57,
    "Познавательные": 69,
    "Общественные": 18,
    "Кино и сериалы": 68,
    "Развлекательные": 66,
    "Детские": 40,
    "Фильмы,сериалы": 26,
    "Знания": 24,
    "Региональные": 62,
    "Музыка": 34,
    "Музыкальные": 54,
    "Спорт": 32,
    "Новости": 38,
    "Кинозалы": 138,
    "Other": 243,
    "Досуг": 5,
    "Хобби": 10,
    "Кинозалы IPTVPLAY": 8,
    "Спортивные": 100,
    "Детям": 11,
    "Беларусь": 5,
    "Развлечение": 42,
    "Общероссийские": 76,
    "Хобби и увлечения": 4,
    "Радио": 22,
    "Региoнальные": 198,
    "Кинозалы 3": 20,
    "Кино": 19,
    "4K Каналы": 3,
    "Общие": 34,
    "Религия": 8,
    "Эротика": 23,
    "ИНФО": 3,
    "Религиозные": 3,
    "Христианские": 4,
    "Информационные": 7,
    "Регионы": 145,
    "Relax": 5,
    "Кино и сериалы RU": 3,
    "Moldova": 2,
    "Эфирные": 4,
    "Fashion": 11,
    "НТВ": 1,
    "Релакс": 2
  },
  "average_ping": 440.7862297248076,
  "min_ping": 3.451108932495117,
  "max_ping": 36957.765102386475,
  "generated": "2025-10-15T07:21:05.324113",
  "sources": {
    "78436d78d96a3d491e574927d3d6a946.m3u": 691,
    "5ba1c9fd63262b92aaa49415498519af.m3u": 230,
    "238fd44626b181f5744b76fa171a432e.m3u": 95,
    "0a27aa04a7b78566f7562983316ef2fe.m3u": 223,
    "c7432ef34bf0a24e2db0985613b6dcf4.m3u": 67,
    "4d9daa3bdfe72274214a5412edf3091c.m3u": 96,
    "ee9077197191e7cc6f9b98f474e50c75.m3u": 262,
    "99d9bd0f4f17595692a80308d8714bf0.m3u": 25,
    "98b934a1ab3b8ab23eb44aff471a0bc7.m3u": 24,
    "cbefe8540390b8fffde4c5d05ff63942.m3u": 34
  }
}